l_english:
 MINE_VICTORY_POINTS_7776: "KWK Grodziec"
 BBW_VICTORY_POINTS_10243: "Bełchatów Technical University"
 BBW_VICTORY_POINTS_11503: "Os. Kosackiego"
 BBW_VICTORY_POINTS_11497: "Os. Staszica"
 BBW_VICTORY_POINTS_11517: "Barbarów"
 BBW_VICTORY_POINTS_11518: "Os. Geyera"
 VICTORY_POINTS_7720: "KWB Węglewice"
 BBW_VICTORY_POINTS_12087: "KWB Łęki Szlacheckie"
 BBW_VICTORY_POINTS_10241: "Os. Pstrowskiego"
 BBW_VICTORY_POINTS_42: "KWB Uniejów"
 BBW_VICTORY_POINTS_10255: "OS. K. Morawieckiego"
 BBW_VICTORY_POINTS_10258: "Os. Ruświekicza"
 BBW_VICTORY_POINTS_10260: "Os. Starkego"
 BBW_VICTORY_POINTS_10256: "Os. K. Olszewskiego"
 BBW_VICTORY_POINTS_10242: "Os. Kukuckiego"
 BBW_VICTORY_POINTS_10259: "Os. Cieszkowskiego"
 BBW_VICTORY_POINTS_10261: "Os. Świętego Klemensa"
 BBW_VICTORY_POINTS_2707: "Os. Świętej Barbary"
 BBW_VICTORY_POINTS_10263: "Os. Adamczyka"
 BBW_VICTORY_POINTS_10280: "Os. Braci Łaszczyńskich"
 VICTORY_POINTS_11250_CYTADELA: "Cytadela"

#Nowy COP
 VICTORY_POINTS_12105_COP: "NCOP - Military District"
 VICTORY_POINTS_12058_COP: "NCOP - Central District"
 VICTORY_POINTS_12142_COP: "NCOP - Energy District"
 VICTORY_POINTS_12095_COP: "ŁZG Heavy Machinery Complex"
 BBW_VICTORY_POINTS_12653: "Metallurgical Combine - Steelworks"
 BBW_VICTORY_POINTS_12098: "Metallurgical Combine - Zincworks"
 BBW_VICTORY_POINTS_12091: "NCOP - Mining District"
 BBW_VICTORY_POINTS_12104: "Paladin Sommer Arms Factory"
 BBW_VICTORY_POINTS_12107: "Central Electrical Equipment Factory"

#GZM
 VICTORY_POINTS_2107_GZM: "Koksownia Przyjaźń"
 VICTORY_POINTS_7912_GZM: "Nowy Śląsk"
 VICTORY_POINTS_7836_GZM: "KWK Piast"
 VICTORY_POINTS_7837_GZM: "KWK Ćwiklice"
 VICTORY_POINTS_7851_GZM: "KWK Sommer"
 VICTORY_POINTS_7847_GZM: "KWK Chiny"
 VICTORY_POINTS_7874_GZM: "KWK Gronie"
 BBW_VICTORY_POINTS_7918: "Osiedle Gliwickie"
 BBW_VICTORY_POINTS_4048: "Osiedle Chorzowskie"
 BBW_VICTORY_POINTS_7910: "Osiedle Bytomskie"
 BBW_VICTORY_POINTS_4056: "Paprocany"
 BBW_VICTORY_POINTS_7916: "Urbanowice"
 BBW_VICTORY_POINTS_7913: "Glinka"
 VICTORY_POINTS_7918: "Żwaków"
 VICTORY_POINTS_7913: "Glinka"
 VICTORY_POINTS_4048: "Wygorzele"
 VICTORY_POINTS_4056: "Paprocany"
 VICTORY_POINTS_7910: "Cielmice"
 VICTORY_POINTS_7916: "Urbanowice"

#City Adjustment
 STATE_903_EXTENDED: "Southern Bełchatów"
 STATE_358_EXTENDED: "Northern Bełchatów"
 STATE_341_EXTENDED: "Central Bełchatów"
 STATE_309_EXTENDED: "Łódź-Pabianice"
 STATE_684_EXTENDED: "Łódź-Rzgów"
 STATE_685_EXTENDED: "Łódź-Konstantynów"
 STATE_686_EXTENDED: "Łódź-Aleksandrów"
 STATE_303_EXTENDED: "Łódź-Moskwa"
 VICTORY_POINTS_10265: "Kanada"
 VICTORY_POINTS_10272: "Domiechowice"
 VICTORY_POINTS_12651: "Górka Pabianicka"
 VICTORY_POINTS_3839: "Bychlew"
 VICTORY_POINTS_10273: "Zawady"
 VICTORY_POINTS_10340: "Huta Wiskicka"
 VICTORY_POINTS_11626: "Wódka"
 VICTORY_POINTS_7455: "Rąbień"
 VICTORY_POINTS_3112_EXTENDED: "Aleksandrów"
 VICTORY_POINTS_3109_EXTENDED: "Konstantynów"